"log10Load","culture","Clade"
5.92890769024395,0,"B.1.1.7"
5.97451169273733,0,"B.1.1.7"
6.27646180417324,0,"B.1.1.7"
6.29225607135648,0,"B.1.1.7"
6.36172783601759,0,"B.1.1.7"
6.40823996531185,0,"B.1.1.7"
6.42975228000241,0,"B.1.1.7"
6.49415459401844,0,"B.1.1.7"
6.50650503240487,0,"B.1.1.7"
6.58433122436753,0,"B.1.1.7"
6.64048143697042,0,"B.1.1.7"
6.67209785793572,0,"B.1.1.7"
6.68214507637383,0,"B.1.1.7"
6.69810054562339,0,"B.1.1.7"
6.71264970162721,0,"B.1.1.7"
6.91487181754005,0,"B.1.1.7"
6.92992956008459,0,"B.1.1.7"
6.94101424370557,0,"B.1.1.7"
6.96614173273903,0,"B.1.1.7"
7.03342375548695,0,"B.1.1.7"
7.03342375548695,0,"B.1.1.7"
7.03742649794062,0,"B.1.1.7"
7.12057393120585,0,"B.1.1.7"
7.13353890837022,0,"B.1.1.7"
7.19312459835446,0,"B.1.1.7"
7.23044892137827,0,"B.1.1.7"
7.26951294421792,0,"B.1.1.7"
7.32014628611105,0,"B.1.1.7"
7.34242268082221,0,"B.1.1.7"
7.34635297445064,0,"B.1.1.7"
7.34830486304816,0,"B.1.1.7"
7.35983548233989,0,"B.1.1.7"
7.39445168082622,0,"B.1.1.7"
7.40823996531185,0,"B.1.1.7"
7.45939248775923,0,"B.1.1.7"
7.46239799789896,0,"B.1.1.7"
7.47275644931721,0,"B.1.1.7"
7.60959440922522,0,"B.1.1.7"
7.63346845557959,0,"B.1.1.7"
7.63648789635337,0,"B.1.1.7"
7.72345567203519,0,"B.1.1.7"
7.74896286125616,0,"B.1.1.7"
7.75815462196739,0,"B.1.1.7"
7.76342799356294,0,"B.1.1.7"
7.77670118398841,0,"B.1.1.7"
7.79588001734407,0,"B.1.1.7"
7.83122969386706,0,"B.1.1.7"
7.83632411570675,0,"B.1.1.7"
7.95999483832842,0,"B.1.1.7"
7.97358962342726,0,"B.1.1.7"
8.0899051114394,0,"B.1.1.7"
8.13353890837022,0,"B.1.1.7"
8.14301480025409,0,"B.1.1.7"
8.17897694729317,0,"B.1.1.7"
8.24303804868629,0,"B.1.1.7"
8.26245108973043,0,"B.1.1.7"
8.31806333496276,0,"B.1.1.7"
8.40993312333129,0,"B.1.1.7"
8.42813479402879,0,"B.1.1.7"
8.44715803134222,0,"B.1.1.7"
8.49276038902684,0,"B.1.1.7"
8.60097289568675,0,"B.1.1.7"
8.60638136511061,0,"B.1.1.7"
8.63144376901317,0,"B.1.1.7"
8.63548374681491,0,"B.1.1.7"
8.6730209071289,0,"B.1.1.7"
8.73399928653839,0,"B.1.1.7"
8.92531209149965,0,"B.1.1.7"
8.94645226501307,0,"B.1.1.7"
8.99607365448528,0,"B.1.1.7"
9.07188200730613,0,"B.1.1.7"
9.43616264704076,0,"B.1.1.7"
7.77378644498119,0,"B.1.1.7"
7.21218760440396,1,"B.1.1.7"
7.48572142648158,1,"B.1.1.7"
7.51188336097887,1,"B.1.1.7"
7.9216864754836,1,"B.1.1.7"
7.94939000664491,1,"B.1.1.7"
8.08635983067475,1,"B.1.1.7"
8.19312459835446,1,"B.1.1.7"
8.28555730900777,1,"B.1.1.7"
8.3541084391474,1,"B.1.1.7"
8.44404479591808,1,"B.1.1.7"
8.46686762035411,1,"B.1.1.7"
8.4983105537896,1,"B.1.1.7"
8.72835378202123,1,"B.1.1.7"
8.51851393987789,1,"B.1.1.7"
8.70070371714502,1,"B.1.1.7"
8.85430604180108,1,"B.1.1.7"
9.02938377768521,1,"B.1.1.7"
6.37839790094814,0,"B.1.177"
6.8055008581584,0,"B.1.177"
7.12710479836481,0,"B.1.177"
7.13672056715641,0,"B.1.177"
7.15836249209525,0,"B.1.177"
7.16731733474818,0,"B.1.177"
7.35024801833416,0,"B.1.177"
7.36735592102602,0,"B.1.177"
7.37291200297011,0,"B.1.177"
7.39093510710338,0,"B.1.177"
7.41329976408125,0,"B.1.177"
7.5092025223311,0,"B.1.177"
7.56937390961505,0,"B.1.177"
7.5705429398819,0,"B.1.177"
7.60314437262018,0,"B.1.177"
7.61172330800734,0,"B.1.177"
7.61172330800734,0,"B.1.177"
7.61278385671974,0,"B.1.177"
7.69983772586725,0,"B.1.177"
7.70586371228392,0,"B.1.177"
7.83569057149243,0,"B.1.177"
7.85672889038288,0,"B.1.177"
7.85973856619715,0,"B.1.177"
7.91855453055027,0,"B.1.177"
7.95520653754194,0,"B.1.177"
7.98587535730839,0,"B.1.177"
8.07188200730613,0,"B.1.177"
8.08635983067475,0,"B.1.177"
8.14301480025409,0,"B.1.177"
8.16435285578444,0,"B.1.177"
8.17897694729317,0,"B.1.177"
8.21218760440396,0,"B.1.177"
8.33243845991561,0,"B.1.177"
8.34830486304816,0,"B.1.177"
8.63042787502502,0,"B.1.177"
8.90308998699194,0,"B.1.177"
7.31386722036915,0,"B.1.177"
7.7979596437372,0,"B.1.177"
7.8208579894397,0,"B.1.177"
8.89042101880091,0,"B.1.177"
6.59769518592551,1,"B.1.177"
6.68752896121463,1,"B.1.177"
6.75127910398334,1,"B.1.177"
6.86332286012046,1,"B.1.177"
6.94051648493257,1,"B.1.177"
7.19589965240923,1,"B.1.177"
7.28555730900777,1,"B.1.177"
7.33445375115093,1,"B.1.177"
7.45636603312904,1,"B.1.177"
7.59659709562646,1,"B.1.177"
7.6414741105041,1,"B.1.177"
7.79518458968242,1,"B.1.177"
7.9237619608287,1,"B.1.177"
7.94299959336604,1,"B.1.177"
7.95856388322197,1,"B.1.177"
7.97680833733807,1,"B.1.177"
8.02118929906994,1,"B.1.177"
8.06445798922692,1,"B.1.177"
8.10380372095596,1,"B.1.177"
8.11727129565576,1,"B.1.177"
8.2148438480477,1,"B.1.177"
8.2380461031288,1,"B.1.177"
8.32837960343874,1,"B.1.177"
8.38916608436453,1,"B.1.177"
8.39093510710338,1,"B.1.177"
8.39445168082622,1,"B.1.177"
8.54654266347813,1,"B.1.177"
8.86510397464113,1,"B.1.177"
8.97589113640179,1,"B.1.177"
7.23552844690755,1,"B.1.177"
7.38381536598043,1,"B.1.177"
7.45024910831936,1,"B.1.177"
7.51982799377572,1,"B.1.177"
7.90308998699194,1,"B.1.177"
7.96284268120124,1,"B.1.177"
8.11727129565576,1,"B.1.177"
8.13987908640124,1,"B.1.177"
8.15533603746506,1,"B.1.177"
8.19312459835446,1,"B.1.177"
8.21748394421391,1,"B.1.177"
8.34830486304816,1,"B.1.177"
8.36172783601759,1,"B.1.177"
8.57170883180869,1,"B.1.177"
8.63346845557959,1,"B.1.177"
8.68841982200271,1,"B.1.177"
8.78031731214015,1,"B.1.177"
9.53781909507327,1,"B.1.177"
8.10380372095596,0,"B.1.258"
8.40140054078154,0,"B.1.258"
8.26717172840301,0,"B.1.258"
7.41329976408125,1,"B.1.258"
7.70842090013471,1,"B.1.258"
8.20139712432045,1,"B.1.258"
8.32221929473392,0,"B.1.177"
8.07918124604763,0,"B.1.177"
7.41830129131975,1,"B.1.1.7"
8.15533603746506,0,"B.1.177"
7.64640372622307,0,"B.1.1.7"
8.10037054511756,0,"B.1.177"
8.26007138798508,1,"B.1.177"
6.43933269383026,0,"B.1.1.7"
8.6159500516564,0,"B.1.1.7"
8.33645973384853,0,"B.1.1.7"
7.58658730467176,1,"B.1.177"
7.81557774832427,0,"B.1.1.7"
6.41161970596323,0,"B.1.1.7"
7.11058971029925,0,"B.1.177"
7.67942789661212,0,"B.1.177"
8.19033169817029,1,"B.1.177"
7.3747483460101,0,"B.1.1.7"
7.27415784926368,1,"B.1.1.7"
8.15533603746506,1,"B.1.177"
6.7701152947871,0,"B.1.1.7"
7.20411998265593,1,"B.1.1.7"
6.69810054562339,0,"B.1.1.7"
7.42975228000241,0,"B.1.1.7"
6.86272752831797,0,"B.1.1.7"
6.80685802951882,0,"B.1.1.7"
7.70586371228392,0,"B.1.1.7"
6.97497199429807,1,"B.1.177"
7.01283722470517,0,"B.1.1.7"
5.39967372148104,1,"B.1.177"
6.60745502321467,0,"B.1.1.7"
6.42651126136457,0,"B.1.177"
6.24303804868629,0,"B.1.1.7"
6.67760695272049,0,"B.1.177"
5.97680833733807,0,"B.1.1.7"
5.94250410616808,0,"B.1.1.7"
5.35024801833416,0,"B.1.177"
5.76267856372744,0,"B.1.177"
5.97034687623009,0,"B.1.177"
6.08278537031645,0,"B.1.1.7"
6.09342168516223,0,"B.1.177"
5.17897694729317,0,"B.1.177"
7.9434945159061,1,"B.1.1.7"
8.1846914308176,1,"B.1.177"
7.67209785793572,1,"B.1.177"
7.2148438480477,0,"B.1.177"
6.51719589794997,1,"B.1.177"
